{"name":"Test Scene","fbWidth":320,"fbHeight":240,"fbFormat":0,"clearColor":[0.7342978119850159,0.875,0.11643149703741074,1.0],"doClearColor":true,"doClearDepth":true}